component_id,lot_id,initial_measurement,burn_in_24h,burn_in_96h,final_burn_in_reading,label,defect_pattern
COMP-00001,LOT-001,9.806,9.824,9.805,9.983,NORMAL,
COMP-00002,LOT-001,9.164,9.282,9.21,9.298,NORMAL,
COMP-00003,LOT-001,9.186,11.695,14.687,20.946,ANOMALY,Infant Mortality
COMP-00004,LOT-001,9.385,9.454,9.441,9.505,NORMAL,
COMP-00005,LOT-001,9.147,9.202,9.19,9.3,NORMAL,
COMP-00006,LOT-001,9.415,9.593,13.061,19.969,ANOMALY,Random Failure
COMP-00007,LOT-001,9.658,13.382,16.281,21.223,ANOMALY,Infant Mortality
COMP-00008,LOT-001,9.128,9.175,9.084,9.155,NORMAL,
COMP-00009,LOT-001,9.244,9.353,9.259,9.4,NORMAL,
COMP-00010,LOT-001,9.239,9.333,9.282,9.41,NORMAL,
COMP-00011,LOT-002,9.133,9.133,9.206,9.222,NORMAL,
COMP-00012,LOT-002,9.83,9.79,9.874,9.961,NORMAL,
COMP-00013,LOT-002,9.081,13.135,14.089,21.923,ANOMALY,Early Life Failure
COMP-00014,LOT-002,9.652,9.587,9.636,9.62,NORMAL,
COMP-00015,LOT-002,9.575,13.442,16.804,19.856,ANOMALY,Infant Mortality
COMP-00016,LOT-002,9.599,9.696,13.069,19.483,ANOMALY,Random Failure
COMP-00017,LOT-002,9.253,9.205,9.355,9.269,NORMAL,
COMP-00018,LOT-002,9.637,12.612,16.982,21.546,ANOMALY,Infant Mortality
COMP-00019,LOT-002,9.845,9.917,9.825,10.014,NORMAL,
COMP-00020,LOT-002,9.616,9.715,9.755,9.754,NORMAL,
COMP-00021,LOT-003,9.361,9.694,14.44,20.555,ANOMALY,Random Failure
COMP-00022,LOT-003,9.508,9.444,9.608,9.667,NORMAL,
COMP-00023,LOT-003,9.867,9.836,10.009,9.964,NORMAL,
COMP-00024,LOT-003,9.696,9.811,9.713,9.769,NORMAL,
COMP-00025,LOT-003,9.217,9.18,9.238,9.29,NORMAL,
COMP-00026,LOT-003,9.766,12.909,14.503,21.709,ANOMALY,Infant Mortality
COMP-00027,LOT-003,9.276,9.464,12.956,19.626,ANOMALY,Random Failure
COMP-00028,LOT-003,9.276,9.375,9.314,9.365,NORMAL,
COMP-00029,LOT-003,9.618,9.669,9.707,9.715,NORMAL,
COMP-00030,LOT-003,9.448,9.429,9.561,9.583,NORMAL,
COMP-00031,LOT-004,9.904,12.956,14.88,19.49,ANOMALY,Infant Mortality
COMP-00032,LOT-004,9.721,9.719,9.695,9.758,NORMAL,
COMP-00033,LOT-004,9.896,9.913,9.887,9.997,NORMAL,
COMP-00034,LOT-004,9.235,9.204,9.348,9.334,NORMAL,
COMP-00035,LOT-004,9.469,9.412,9.535,9.44,NORMAL,
COMP-00036,LOT-004,9.265,9.375,9.26,9.348,NORMAL,
COMP-00037,LOT-004,9.165,11.948,14.868,19.756,ANOMALY,Wear-out
COMP-00038,LOT-004,9.509,9.494,9.532,9.514,NORMAL,
COMP-00039,LOT-004,9.356,11.894,15.917,21.038,ANOMALY,Infant Mortality
COMP-00040,LOT-004,9.742,9.792,9.84,9.795,NORMAL,
COMP-00041,LOT-005,9.062,9.132,9.115,9.113,NORMAL,
COMP-00042,LOT-005,9.713,10.058,12.296,19.651,ANOMALY,Random Failure
COMP-00043,LOT-005,9.365,9.322,9.393,9.4,NORMAL,
COMP-00044,LOT-005,9.128,13.069,14.477,20.381,ANOMALY,Wear-out
COMP-00045,LOT-005,9.354,9.343,9.315,9.447,NORMAL,
COMP-00046,LOT-005,9.736,9.787,9.808,9.916,NORMAL,
COMP-00047,LOT-005,9.462,9.426,9.557,9.446,NORMAL,
COMP-00048,LOT-005,9.271,12.951,16.127,20.93,ANOMALY,Early Life Failure
COMP-00049,LOT-005,9.255,9.274,9.297,9.267,NORMAL,
COMP-00050,LOT-005,9.788,12.951,16.723,21.891,ANOMALY,Early Life Failure
COMP-00051,LOT-006,9.19,9.14,9.268,9.145,NORMAL,
COMP-00052,LOT-006,9.234,9.296,9.216,9.275,NORMAL,
COMP-00053,LOT-006,9.852,9.78,9.81,10.013,NORMAL,
COMP-00054,LOT-006,9.886,12.187,16.3,21.064,ANOMALY,Infant Mortality
COMP-00055,LOT-006,9.652,9.669,9.68,9.831,NORMAL,
COMP-00056,LOT-006,9.613,9.599,9.748,9.79,NORMAL,
COMP-00057,LOT-006,9.523,9.603,9.523,9.553,NORMAL,
COMP-00058,LOT-006,9.115,9.065,9.24,9.203,NORMAL,
COMP-00059,LOT-006,9.663,9.745,9.757,9.838,NORMAL,
COMP-00060,LOT-006,9.34,9.354,9.474,9.334,NORMAL,
COMP-00061,LOT-007,9.216,9.298,9.342,9.356,NORMAL,
COMP-00062,LOT-007,9.676,9.66,9.725,9.667,NORMAL,
COMP-00063,LOT-007,9.311,12.482,16.209,20.751,ANOMALY,Wear-out
COMP-00064,LOT-007,9.145,9.221,9.128,9.121,NORMAL,
COMP-00065,LOT-007,9.503,9.533,9.534,9.627,NORMAL,
COMP-00066,LOT-007,9.479,9.495,9.501,9.455,NORMAL,
COMP-00067,LOT-007,9.195,9.243,9.184,9.227,NORMAL,
COMP-00068,LOT-007,9.241,9.345,9.365,9.199,NORMAL,
COMP-00069,LOT-007,9.105,11.727,14.319,19.176,ANOMALY,Early Life Failure
COMP-00070,LOT-007,9.54,9.621,9.531,9.632,NORMAL,
COMP-00071,LOT-008,9.444,9.385,9.573,9.456,NORMAL,
COMP-00072,LOT-008,9.661,9.637,9.768,9.757,NORMAL,
COMP-00073,LOT-008,9.366,9.365,9.44,9.542,NORMAL,
COMP-00074,LOT-008,9.192,9.193,9.313,9.369,NORMAL,
COMP-00075,LOT-008,9.944,12.969,14.962,20.609,ANOMALY,Wear-out
COMP-00076,LOT-008,9.598,9.717,12.322,20.378,ANOMALY,Random Failure
COMP-00077,LOT-008,9.89,9.972,9.885,10.026,NORMAL,
COMP-00078,LOT-008,9.246,9.319,9.215,9.236,NORMAL,
COMP-00079,LOT-008,9.869,9.927,9.884,9.843,NORMAL,
COMP-00080,LOT-008,9.835,9.765,9.8,9.828,NORMAL,
COMP-00081,LOT-009,9.545,9.482,9.502,9.589,NORMAL,
COMP-00082,LOT-009,9.303,9.565,12.861,21.095,ANOMALY,Random Failure
COMP-00083,LOT-009,9.319,9.371,13.729,20.773,ANOMALY,Random Failure
COMP-00084,LOT-009,9.653,9.715,9.77,9.767,NORMAL,
COMP-00085,LOT-009,9.385,9.33,9.367,9.421,NORMAL,
COMP-00086,LOT-009,9.38,9.4,9.492,9.548,NORMAL,
COMP-00087,LOT-009,9.523,9.605,9.573,9.698,NORMAL,
COMP-00088,LOT-009,9.818,9.885,9.929,9.853,NORMAL,
COMP-00089,LOT-009,9.06,9.069,9.177,9.15,NORMAL,
COMP-00090,LOT-009,9.372,9.339,9.41,9.393,NORMAL,
COMP-00091,LOT-010,9.354,9.378,9.404,9.48,NORMAL,
COMP-00092,LOT-010,9.109,9.14,9.121,9.176,NORMAL,
COMP-00093,LOT-010,9.133,9.236,9.194,9.299,NORMAL,
COMP-00094,LOT-010,9.368,9.328,9.403,9.505,NORMAL,
COMP-00095,LOT-010,9.196,9.126,9.307,9.351,NORMAL,
COMP-00096,LOT-010,9.179,9.294,9.24,9.284,NORMAL,
COMP-00097,LOT-010,9.053,9.041,9.182,9.229,NORMAL,
COMP-00098,LOT-010,9.766,9.693,9.897,9.721,NORMAL,
COMP-00099,LOT-010,9.841,9.934,9.891,9.999,NORMAL,
COMP-00100,LOT-010,9.706,9.765,9.78,9.739,NORMAL,
COMP-00101,LOT-011,9.247,9.317,9.203,9.318,NORMAL,
COMP-00102,LOT-011,9.25,12.2,16.568,19.269,ANOMALY,Wear-out
COMP-00103,LOT-011,9.533,9.472,9.544,9.688,NORMAL,
COMP-00104,LOT-011,9.191,9.268,9.233,9.244,NORMAL,
COMP-00105,LOT-011,9.712,9.715,9.74,9.859,NORMAL,
COMP-00106,LOT-011,9.529,12.797,15.434,20.36,ANOMALY,Infant Mortality
COMP-00107,LOT-011,9.688,9.672,9.639,9.765,NORMAL,
COMP-00108,LOT-011,9.412,9.604,12.934,21.857,ANOMALY,Random Failure
COMP-00109,LOT-011,9.088,9.086,9.094,9.211,NORMAL,
COMP-00110,LOT-011,9.474,9.521,9.558,9.569,NORMAL,
COMP-00111,LOT-012,9.622,9.593,9.73,9.611,NORMAL,
COMP-00112,LOT-012,9.192,9.156,9.239,9.159,NORMAL,
COMP-00113,LOT-012,9.723,9.688,9.766,9.81,NORMAL,
COMP-00114,LOT-012,9.815,12.706,16.315,20.823,ANOMALY,Infant Mortality
COMP-00115,LOT-012,9.641,12.528,15.963,21.019,ANOMALY,Wear-out
COMP-00116,LOT-012,9.353,9.313,9.342,9.493,NORMAL,
COMP-00117,LOT-012,9.475,11.933,15.06,20.538,ANOMALY,Wear-out
COMP-00118,LOT-012,9.929,11.903,14.852,19.68,ANOMALY,Wear-out
COMP-00119,LOT-012,9.261,9.219,9.263,9.23,NORMAL,
COMP-00120,LOT-012,9.481,11.996,14.962,20.461,ANOMALY,Infant Mortality
COMP-00121,LOT-013,9.317,9.28,9.463,9.279,NORMAL,
COMP-00122,LOT-013,9.142,9.149,9.138,9.312,NORMAL,
COMP-00123,LOT-013,9.942,10.123,12.393,21.673,ANOMALY,Random Failure
COMP-00124,LOT-013,9.289,9.406,9.244,9.461,NORMAL,
COMP-00125,LOT-013,9.798,12.047,15.341,21.33,ANOMALY,Wear-out
COMP-00126,LOT-013,9.052,8.973,9.168,9.097,NORMAL,
COMP-00127,LOT-013,9.641,12.298,15.906,20.688,ANOMALY,Early Life Failure
COMP-00128,LOT-013,9.717,10.065,13.149,19.735,ANOMALY,Random Failure
COMP-00129,LOT-013,9.713,9.64,9.704,9.668,NORMAL,
COMP-00130,LOT-013,9.671,9.673,9.81,9.76,NORMAL,
COMP-00131,LOT-014,9.372,9.335,9.326,9.331,NORMAL,
COMP-00132,LOT-014,9.317,12.838,16.547,20.473,ANOMALY,Infant Mortality
COMP-00133,LOT-014,9.676,9.796,9.653,9.824,NORMAL,
COMP-00134,LOT-014,9.837,9.784,9.817,9.813,NORMAL,
COMP-00135,LOT-014,9.385,9.346,9.387,9.506,NORMAL,
COMP-00136,LOT-014,9.447,9.528,9.413,9.427,NORMAL,
COMP-00137,LOT-014,9.55,9.6,9.516,9.555,NORMAL,
COMP-00138,LOT-014,9.059,8.984,9.129,9.108,NORMAL,
COMP-00139,LOT-014,9.369,13.085,14.509,20.53,ANOMALY,Infant Mortality
COMP-00140,LOT-014,9.465,12.583,16.738,19.398,ANOMALY,Wear-out
COMP-00141,LOT-015,9.893,9.912,9.848,9.867,NORMAL,
COMP-00142,LOT-015,9.368,11.551,15.505,21.017,ANOMALY,Infant Mortality
COMP-00143,LOT-015,9.701,9.631,9.726,9.774,NORMAL,
COMP-00144,LOT-015,9.543,9.546,9.616,9.529,NORMAL,
COMP-00145,LOT-015,9.613,9.572,9.63,9.586,NORMAL,
COMP-00146,LOT-015,9.615,12.717,14.134,21.202,ANOMALY,Infant Mortality
COMP-00147,LOT-015,9.3,9.376,9.39,9.343,NORMAL,
COMP-00148,LOT-015,9.893,12.174,14.651,20.241,ANOMALY,Wear-out
COMP-00149,LOT-015,9.279,9.308,9.417,9.343,NORMAL,
COMP-00150,LOT-015,9.891,11.948,14.223,20.491,ANOMALY,Infant Mortality
COMP-00151,LOT-016,9.735,9.851,9.847,9.791,NORMAL,
COMP-00152,LOT-016,9.736,10.015,13.874,20.886,ANOMALY,Random Failure
COMP-00153,LOT-016,9.662,12.753,15.849,19.317,ANOMALY,Infant Mortality
COMP-00154,LOT-016,9.357,9.39,9.484,9.313,NORMAL,
COMP-00155,LOT-016,9.213,9.185,9.234,9.216,NORMAL,
COMP-00156,LOT-016,9.623,11.717,15.764,21.153,ANOMALY,Infant Mortality
COMP-00157,LOT-016,9.483,9.518,9.477,9.578,NORMAL,
COMP-00158,LOT-016,9.555,9.6,9.579,9.551,NORMAL,
COMP-00159,LOT-016,9.233,9.27,9.196,9.338,NORMAL,
COMP-00160,LOT-016,9.77,9.77,9.799,9.797,NORMAL,
COMP-00161,LOT-017,9.069,9.006,9.024,9.217,NORMAL,
COMP-00162,LOT-017,9.257,9.226,9.338,9.372,NORMAL,
COMP-00163,LOT-017,9.904,12.558,15.108,19.758,ANOMALY,Wear-out
COMP-00164,LOT-017,9.227,9.252,9.238,9.325,NORMAL,
COMP-00165,LOT-017,9.476,9.502,9.553,9.57,NORMAL,
COMP-00166,LOT-017,9.407,9.651,12.337,19.988,ANOMALY,Random Failure
COMP-00167,LOT-017,9.55,9.513,9.511,9.669,NORMAL,
COMP-00168,LOT-017,9.497,9.544,9.625,9.601,NORMAL,
COMP-00169,LOT-017,9.242,9.163,9.226,9.297,NORMAL,
COMP-00170,LOT-017,9.537,12.816,14.344,21.785,ANOMALY,Early Life Failure
COMP-00171,LOT-018,9.113,9.098,9.105,9.242,NORMAL,
COMP-00172,LOT-018,9.36,9.381,9.51,9.378,NORMAL,
COMP-00173,LOT-018,9.07,9.147,9.036,9.039,NORMAL,
COMP-00174,LOT-018,9.122,9.16,9.165,9.188,NORMAL,
COMP-00175,LOT-018,9.354,9.316,9.434,9.312,NORMAL,
COMP-00176,LOT-018,9.063,9.058,9.149,9.076,NORMAL,
COMP-00177,LOT-018,9.555,9.521,9.657,9.628,NORMAL,
COMP-00178,LOT-018,9.516,9.536,9.474,9.598,NORMAL,
COMP-00179,LOT-018,9.648,9.577,9.71,9.65,NORMAL,
COMP-00180,LOT-018,9.297,9.611,13.443,21.025,ANOMALY,Random Failure
COMP-00181,LOT-019,9.551,9.525,9.653,9.581,NORMAL,
COMP-00182,LOT-019,9.633,9.979,12.246,18.592,ANOMALY,Random Failure
COMP-00183,LOT-019,9.529,9.808,12.413,20.274,ANOMALY,Random Failure
COMP-00184,LOT-019,9.512,9.489,9.644,9.647,NORMAL,
COMP-00185,LOT-019,9.504,9.605,9.503,9.49,NORMAL,
COMP-00186,LOT-019,9.707,9.798,9.768,9.678,NORMAL,
COMP-00187,LOT-019,9.805,9.756,9.805,9.984,NORMAL,
COMP-00188,LOT-019,9.578,9.628,9.728,9.576,NORMAL,
COMP-00189,LOT-019,9.851,9.945,9.875,10.027,NORMAL,
COMP-00190,LOT-019,9.621,9.587,9.765,9.777,NORMAL,
COMP-00191,LOT-020,9.789,13.207,15.752,20.252,ANOMALY,Infant Mortality
COMP-00192,LOT-020,9.795,13.349,15.752,20.178,ANOMALY,Early Life Failure
COMP-00193,LOT-020,9.632,9.637,9.653,9.673,NORMAL,
COMP-00194,LOT-020,9.831,9.765,9.959,9.975,NORMAL,
COMP-00195,LOT-020,9.156,9.227,9.122,9.125,NORMAL,
COMP-00196,LOT-020,9.515,9.529,9.642,9.501,NORMAL,
COMP-00197,LOT-020,9.392,9.405,9.513,9.526,NORMAL,
COMP-00198,LOT-020,9.875,9.96,10.006,9.873,NORMAL,
COMP-00199,LOT-020,9.184,9.115,9.189,9.192,NORMAL,
COMP-00200,LOT-020,9.36,9.345,9.396,9.415,NORMAL,
COMP-00201,LOT-021,9.594,11.742,15.144,19.029,ANOMALY,Infant Mortality
COMP-00202,LOT-021,9.857,9.829,9.839,9.854,NORMAL,
COMP-00203,LOT-021,9.27,9.293,9.384,9.39,NORMAL,
COMP-00204,LOT-021,9.634,9.576,9.623,9.73,NORMAL,
COMP-00205,LOT-021,9.783,9.785,9.931,9.947,NORMAL,
COMP-00206,LOT-021,9.741,9.787,9.822,9.886,NORMAL,
COMP-00207,LOT-021,9.587,9.62,9.713,9.657,NORMAL,
COMP-00208,LOT-021,9.155,9.149,9.275,9.105,NORMAL,
COMP-00209,LOT-021,9.148,9.142,9.119,9.103,NORMAL,
COMP-00210,LOT-021,9.14,9.228,9.2,9.257,NORMAL,
COMP-00211,LOT-022,9.491,9.411,9.612,9.477,NORMAL,
COMP-00212,LOT-022,9.416,13.414,16.753,21.338,ANOMALY,Early Life Failure
COMP-00213,LOT-022,9.421,9.457,9.387,9.588,NORMAL,
COMP-00214,LOT-022,9.807,9.86,9.812,9.797,NORMAL,
COMP-00215,LOT-022,9.572,9.587,9.705,9.714,NORMAL,
COMP-00216,LOT-022,9.579,9.525,9.629,9.681,NORMAL,
COMP-00217,LOT-022,9.525,12.211,15.438,20.279,ANOMALY,Wear-out
COMP-00218,LOT-022,9.785,9.781,9.792,9.803,NORMAL,
COMP-00219,LOT-022,9.757,9.855,9.882,9.853,NORMAL,
COMP-00220,LOT-022,9.178,11.619,16.236,20.733,ANOMALY,Early Life Failure
COMP-00221,LOT-023,9.293,9.262,9.266,9.448,NORMAL,
COMP-00222,LOT-023,9.565,9.574,9.679,9.577,NORMAL,
COMP-00223,LOT-023,9.664,9.737,9.783,9.731,NORMAL,
COMP-00224,LOT-023,9.323,9.265,9.372,9.346,NORMAL,
COMP-00225,LOT-023,9.488,9.806,12.496,21.123,ANOMALY,Random Failure
COMP-00226,LOT-023,9.349,9.316,9.411,9.482,NORMAL,
COMP-00227,LOT-023,9.404,12.501,16.137,19.481,ANOMALY,Early Life Failure
COMP-00228,LOT-023,9.176,9.096,9.2,9.352,NORMAL,
COMP-00229,LOT-023,9.663,9.753,9.671,9.788,NORMAL,
COMP-00230,LOT-023,9.859,9.957,9.937,9.9,NORMAL,
COMP-00231,LOT-024,9.788,9.878,9.933,9.755,NORMAL,
COMP-00232,LOT-024,9.118,12.99,15.922,20.849,ANOMALY,Early Life Failure
COMP-00233,LOT-024,9.933,12.04,14.966,20.856,ANOMALY,Wear-out
COMP-00234,LOT-024,9.464,11.929,15.502,21.096,ANOMALY,Wear-out
COMP-00235,LOT-024,9.417,9.419,9.443,9.452,NORMAL,
COMP-00236,LOT-024,9.561,11.626,16.252,21.44,ANOMALY,Infant Mortality
COMP-00237,LOT-024,9.612,9.601,9.73,9.719,NORMAL,
COMP-00238,LOT-024,9.337,9.371,9.476,9.396,NORMAL,
COMP-00239,LOT-024,9.315,13.369,15.797,20.304,ANOMALY,Early Life Failure
COMP-00240,LOT-024,9.794,9.8,9.827,9.916,NORMAL,
COMP-00241,LOT-025,9.146,9.142,9.202,9.252,NORMAL,
COMP-00242,LOT-025,9.099,9.202,9.064,9.203,NORMAL,
COMP-00243,LOT-025,9.759,9.856,9.806,9.825,NORMAL,
COMP-00244,LOT-025,9.781,9.813,9.906,9.889,NORMAL,
COMP-00245,LOT-025,9.153,9.241,9.158,9.194,NORMAL,
COMP-00246,LOT-025,9.547,12.267,15.26,19.623,ANOMALY,Early Life Failure
COMP-00247,LOT-025,9.687,9.785,9.784,9.668,NORMAL,
COMP-00248,LOT-025,9.445,9.488,9.456,9.62,NORMAL,
COMP-00249,LOT-025,9.365,9.437,9.345,9.465,NORMAL,
COMP-00250,LOT-025,9.548,9.633,9.51,9.584,NORMAL,
COMP-00251,LOT-026,9.584,9.603,9.654,9.578,NORMAL,
COMP-00252,LOT-026,9.608,9.699,9.674,9.598,NORMAL,
COMP-00253,LOT-026,9.755,12.977,15.086,21.782,ANOMALY,Wear-out
COMP-00254,LOT-026,9.355,9.452,9.319,9.534,NORMAL,
COMP-00255,LOT-026,9.575,13.016,14.789,20.62,ANOMALY,Wear-out
COMP-00256,LOT-026,9.17,9.241,9.183,9.329,NORMAL,
COMP-00257,LOT-026,9.267,13.134,16.818,19.548,ANOMALY,Infant Mortality
COMP-00258,LOT-026,9.073,12.124,16.203,20.765,ANOMALY,Wear-out
COMP-00259,LOT-026,9.865,9.834,9.869,10.013,NORMAL,
COMP-00260,LOT-026,9.525,13.07,15.477,21.916,ANOMALY,Infant Mortality
COMP-00261,LOT-027,9.765,9.841,9.722,9.758,NORMAL,
COMP-00262,LOT-027,9.525,9.613,9.567,9.631,NORMAL,
COMP-00263,LOT-027,9.355,12.812,16.019,20.359,ANOMALY,Wear-out
COMP-00264,LOT-027,9.846,9.911,9.827,9.851,NORMAL,
COMP-00265,LOT-027,9.196,13.125,15.201,20.816,ANOMALY,Wear-out
COMP-00266,LOT-027,9.898,12.709,16.099,21.031,ANOMALY,Infant Mortality
COMP-00267,LOT-027,9.351,13.147,14.815,19.02,ANOMALY,Wear-out
COMP-00268,LOT-027,9.371,11.938,16.458,20.964,ANOMALY,Infant Mortality
COMP-00269,LOT-027,9.58,9.565,9.598,9.744,NORMAL,
COMP-00270,LOT-027,9.553,12.024,16.054,21.765,ANOMALY,Infant Mortality
COMP-00271,LOT-028,9.788,9.857,9.844,9.89,NORMAL,
COMP-00272,LOT-028,9.265,9.361,9.383,9.4,NORMAL,
COMP-00273,LOT-028,9.816,12.169,14.536,20.357,ANOMALY,Infant Mortality
COMP-00274,LOT-028,9.741,12.28,15.769,20.294,ANOMALY,Early Life Failure
COMP-00275,LOT-028,9.622,9.694,9.58,9.755,NORMAL,
COMP-00276,LOT-028,9.647,9.703,9.617,9.636,NORMAL,
COMP-00277,LOT-028,9.438,9.47,9.502,9.53,NORMAL,
COMP-00278,LOT-028,9.61,9.675,14.484,19.871,ANOMALY,Random Failure
COMP-00279,LOT-028,9.121,9.044,9.121,9.283,NORMAL,
COMP-00280,LOT-028,9.751,9.852,9.824,9.799,NORMAL,
COMP-00281,LOT-029,9.156,11.547,15.83,19.455,ANOMALY,Early Life Failure
COMP-00282,LOT-029,9.051,12.762,15.816,20.792,ANOMALY,Infant Mortality
COMP-00283,LOT-029,9.476,9.57,9.519,9.441,NORMAL,
COMP-00284,LOT-029,9.328,9.506,14.444,21.71,ANOMALY,Random Failure
COMP-00285,LOT-029,9.226,12.991,16.033,19.499,ANOMALY,Wear-out
COMP-00286,LOT-029,9.194,12.85,16.95,21.297,ANOMALY,Infant Mortality
COMP-00287,LOT-029,9.459,12.152,14.089,21.872,ANOMALY,Early Life Failure
COMP-00288,LOT-029,9.166,9.255,9.16,9.326,NORMAL,
COMP-00289,LOT-029,9.527,9.608,9.659,9.64,NORMAL,
COMP-00290,LOT-029,9.696,9.655,9.679,9.835,NORMAL,
COMP-00291,LOT-030,9.874,9.848,10.002,9.898,NORMAL,
COMP-00292,LOT-030,9.528,9.577,9.539,9.641,NORMAL,
COMP-00293,LOT-030,9.497,9.465,9.626,9.59,NORMAL,
COMP-00294,LOT-030,9.162,9.087,9.194,9.19,NORMAL,
COMP-00295,LOT-030,9.353,9.35,9.446,9.5,NORMAL,
COMP-00296,LOT-030,9.067,9.028,9.107,9.08,NORMAL,
COMP-00297,LOT-030,9.518,12.711,14.942,20.458,ANOMALY,Wear-out
COMP-00298,LOT-030,9.299,9.275,9.312,9.341,NORMAL,
COMP-00299,LOT-030,9.219,12.835,15.018,20.577,ANOMALY,Early Life Failure
COMP-00300,LOT-030,9.279,11.91,14.42,21.576,ANOMALY,Wear-out
COMP-00301,LOT-031,9.234,9.166,9.247,9.26,NORMAL,
COMP-00302,LOT-031,9.537,9.548,9.641,9.539,NORMAL,
COMP-00303,LOT-031,9.409,12.085,14.543,20.201,ANOMALY,Wear-out
COMP-00304,LOT-031,9.819,9.754,9.881,9.919,NORMAL,
COMP-00305,LOT-031,9.738,9.705,9.796,9.851,NORMAL,
COMP-00306,LOT-031,9.185,9.124,9.156,9.33,NORMAL,
COMP-00307,LOT-031,9.893,9.892,9.904,9.966,NORMAL,
COMP-00308,LOT-031,9.174,13.069,15.046,20.14,ANOMALY,Infant Mortality
COMP-00309,LOT-031,9.891,9.831,9.904,9.952,NORMAL,
COMP-00310,LOT-031,9.787,9.835,9.876,9.907,NORMAL,
COMP-00311,LOT-032,9.232,9.483,13.661,20.109,ANOMALY,Random Failure
COMP-00312,LOT-032,9.852,9.866,9.973,9.841,NORMAL,
COMP-00313,LOT-032,9.855,12.77,15.735,20.711,ANOMALY,Wear-out
COMP-00314,LOT-032,9.666,9.598,9.721,9.725,NORMAL,
COMP-00315,LOT-032,9.813,9.931,9.932,9.772,NORMAL,
COMP-00316,LOT-032,9.524,9.545,9.593,9.645,NORMAL,
COMP-00317,LOT-032,9.716,9.752,9.765,9.787,NORMAL,
COMP-00318,LOT-032,9.133,12.381,16.589,19.879,ANOMALY,Wear-out
COMP-00319,LOT-032,9.316,9.392,9.268,9.456,NORMAL,
COMP-00320,LOT-032,9.558,9.771,13.401,20.962,ANOMALY,Random Failure
COMP-00321,LOT-033,9.583,9.514,9.6,9.683,NORMAL,
COMP-00322,LOT-033,9.468,12.162,14.831,20.403,ANOMALY,Wear-out
COMP-00323,LOT-033,9.273,9.239,9.384,9.448,NORMAL,
COMP-00324,LOT-033,9.623,12.421,15.384,20.563,ANOMALY,Infant Mortality
COMP-00325,LOT-033,9.82,9.814,9.968,9.996,NORMAL,
COMP-00326,LOT-033,9.692,9.67,9.737,9.832,NORMAL,
COMP-00327,LOT-033,9.453,9.559,9.517,9.429,NORMAL,
COMP-00328,LOT-033,9.192,12.559,14.472,21.645,ANOMALY,Early Life Failure
COMP-00329,LOT-033,9.363,9.474,9.464,9.408,NORMAL,
COMP-00330,LOT-033,9.484,12.705,14.607,20.862,ANOMALY,Wear-out
COMP-00331,LOT-034,9.449,9.408,9.548,9.619,NORMAL,
COMP-00332,LOT-034,9.773,9.854,9.725,9.753,NORMAL,
COMP-00333,LOT-034,9.704,9.697,9.773,9.838,NORMAL,
COMP-00334,LOT-034,9.301,9.365,9.305,9.289,NORMAL,
COMP-00335,LOT-034,9.91,12.285,14.781,19.511,ANOMALY,Wear-out
COMP-00336,LOT-034,9.178,13.195,15.362,21.278,ANOMALY,Infant Mortality
COMP-00337,LOT-034,9.331,9.278,9.409,9.288,NORMAL,
COMP-00338,LOT-034,9.07,9.042,9.1,9.127,NORMAL,
COMP-00339,LOT-034,9.629,9.661,9.734,9.71,NORMAL,
COMP-00340,LOT-034,9.565,11.841,14.547,20.859,ANOMALY,Early Life Failure
COMP-00341,LOT-035,9.259,12.922,15.02,21.947,ANOMALY,Wear-out
COMP-00342,LOT-035,9.401,9.455,9.485,9.403,NORMAL,
COMP-00343,LOT-035,9.126,9.061,9.17,9.257,NORMAL,
COMP-00344,LOT-035,9.78,11.8,14.792,21.042,ANOMALY,Wear-out
COMP-00345,LOT-035,9.406,9.371,9.407,9.441,NORMAL,
COMP-00346,LOT-035,9.166,9.277,9.295,9.326,NORMAL,
COMP-00347,LOT-035,9.514,9.501,9.475,9.543,NORMAL,
COMP-00348,LOT-035,9.521,9.485,9.533,9.591,NORMAL,
COMP-00349,LOT-035,9.733,9.676,9.864,9.872,NORMAL,
COMP-00350,LOT-035,9.578,9.65,9.682,9.621,NORMAL,
COMP-00351,LOT-036,9.626,9.556,9.66,9.719,NORMAL,
COMP-00352,LOT-036,9.761,9.803,9.858,9.929,NORMAL,
COMP-00353,LOT-036,9.487,13.008,15.562,20.964,ANOMALY,Wear-out
COMP-00354,LOT-036,9.871,9.971,9.996,9.908,NORMAL,
COMP-00355,LOT-036,9.213,9.175,9.18,9.171,NORMAL,
COMP-00356,LOT-036,9.757,9.703,9.857,9.811,NORMAL,
COMP-00357,LOT-036,9.391,9.394,9.423,9.373,NORMAL,
COMP-00358,LOT-036,9.841,9.795,9.955,9.851,NORMAL,
COMP-00359,LOT-036,9.814,12.104,15.623,21.467,ANOMALY,Early Life Failure
COMP-00360,LOT-036,9.15,9.206,9.135,9.125,NORMAL,
COMP-00361,LOT-037,9.326,9.338,9.361,9.336,NORMAL,
COMP-00362,LOT-037,9.116,9.207,9.14,9.175,NORMAL,
COMP-00363,LOT-037,9.74,9.683,9.887,9.706,NORMAL,
COMP-00364,LOT-037,9.312,12.24,15.414,19.705,ANOMALY,Wear-out
COMP-00365,LOT-037,9.853,13.425,15.558,19.293,ANOMALY,Infant Mortality
COMP-00366,LOT-037,9.895,10.187,12.354,20.753,ANOMALY,Random Failure
COMP-00367,LOT-037,9.928,13.087,15.308,20.87,ANOMALY,Early Life Failure
COMP-00368,LOT-037,9.503,9.467,9.498,9.542,NORMAL,
COMP-00369,LOT-037,9.806,9.874,9.922,9.832,NORMAL,
COMP-00370,LOT-037,9.056,9.131,9.1,9.126,NORMAL,
COMP-00371,LOT-038,9.191,9.231,9.224,9.336,NORMAL,
COMP-00372,LOT-038,9.919,12.884,15.439,20.844,ANOMALY,Infant Mortality
COMP-00373,LOT-038,9.639,9.672,9.59,9.767,NORMAL,
COMP-00374,LOT-038,9.404,9.52,9.504,9.363,NORMAL,
COMP-00375,LOT-038,9.197,9.28,9.319,9.304,NORMAL,
COMP-00376,LOT-038,9.194,12.324,15.435,20.55,ANOMALY,Wear-out
COMP-00377,LOT-038,9.276,9.264,9.305,9.273,NORMAL,
COMP-00378,LOT-038,9.814,9.785,9.914,9.841,NORMAL,
COMP-00379,LOT-038,9.523,9.549,9.586,9.624,NORMAL,
COMP-00380,LOT-038,9.474,9.508,9.458,9.502,NORMAL,
COMP-00381,LOT-039,9.286,12.991,16.367,20.329,ANOMALY,Wear-out
COMP-00382,LOT-039,9.165,9.165,9.155,9.273,NORMAL,
COMP-00383,LOT-039,9.104,9.106,9.063,9.156,NORMAL,
COMP-00384,LOT-039,9.107,9.078,9.068,9.088,NORMAL,
COMP-00385,LOT-039,9.85,9.957,9.913,9.811,NORMAL,
COMP-00386,LOT-039,9.799,9.82,9.823,9.902,NORMAL,
COMP-00387,LOT-039,9.405,12.07,15.635,21.818,ANOMALY,Infant Mortality
COMP-00388,LOT-039,9.611,9.628,9.641,9.778,NORMAL,
COMP-00389,LOT-039,9.392,9.445,14.041,18.991,ANOMALY,Random Failure
COMP-00390,LOT-039,9.731,9.679,9.744,9.858,NORMAL,
COMP-00391,LOT-040,9.822,9.924,9.832,9.826,NORMAL,
COMP-00392,LOT-040,9.536,9.513,9.556,9.69,NORMAL,
COMP-00393,LOT-040,9.153,9.19,9.27,9.238,NORMAL,
COMP-00394,LOT-040,9.106,12.588,14.121,20.23,ANOMALY,Early Life Failure
COMP-00395,LOT-040,9.394,9.319,9.444,9.455,NORMAL,
COMP-00396,LOT-040,9.162,9.123,9.262,9.283,NORMAL,
COMP-00397,LOT-040,9.475,11.924,14.33,19.61,ANOMALY,Infant Mortality
COMP-00398,LOT-040,9.843,12.002,16.19,21.239,ANOMALY,Wear-out
COMP-00399,LOT-040,9.095,9.202,12.577,20.659,ANOMALY,Random Failure
COMP-00400,LOT-040,9.087,9.064,9.16,9.066,NORMAL,
COMP-00401,LOT-041,9.477,9.585,9.612,9.623,NORMAL,
COMP-00402,LOT-041,9.052,9.039,9.058,9.187,NORMAL,
COMP-00403,LOT-041,9.657,9.77,9.714,9.751,NORMAL,
COMP-00404,LOT-041,9.323,11.985,14.175,20.582,ANOMALY,Early Life Failure
COMP-00405,LOT-041,9.17,9.102,9.27,9.137,NORMAL,
COMP-00406,LOT-041,9.372,9.555,13.997,20.031,ANOMALY,Random Failure
COMP-00407,LOT-041,9.669,9.972,13.23,21.621,ANOMALY,Random Failure
COMP-00408,LOT-041,9.057,11.844,15.118,20.976,ANOMALY,Infant Mortality
COMP-00409,LOT-041,9.76,9.732,9.86,9.771,NORMAL,
COMP-00410,LOT-041,9.699,12.663,16.449,21.312,ANOMALY,Wear-out
COMP-00411,LOT-042,9.723,9.74,9.746,9.754,NORMAL,
COMP-00412,LOT-042,9.119,9.105,9.095,9.194,NORMAL,
COMP-00413,LOT-042,9.813,9.885,9.951,9.83,NORMAL,
COMP-00414,LOT-042,9.731,9.671,9.698,9.893,NORMAL,
COMP-00415,LOT-042,9.227,9.536,12.409,19.237,ANOMALY,Random Failure
COMP-00416,LOT-042,9.617,9.698,9.572,9.635,NORMAL,
COMP-00417,LOT-042,9.347,9.385,9.455,9.313,NORMAL,
COMP-00418,LOT-042,9.414,9.489,9.389,9.583,NORMAL,
COMP-00419,LOT-042,9.142,11.673,14.899,19.096,ANOMALY,Infant Mortality
COMP-00420,LOT-042,9.276,9.273,9.291,9.385,NORMAL,
COMP-00421,LOT-043,9.24,9.342,9.288,9.4,NORMAL,
COMP-00422,LOT-043,9.118,13.316,14.491,21.161,ANOMALY,Early Life Failure
COMP-00423,LOT-043,9.733,9.658,9.824,9.901,NORMAL,
COMP-00424,LOT-043,9.058,8.99,9.188,9.218,NORMAL,
COMP-00425,LOT-043,9.134,12.682,15.907,19.161,ANOMALY,Infant Mortality
COMP-00426,LOT-043,9.34,9.348,9.44,9.381,NORMAL,
COMP-00427,LOT-043,9.406,9.449,9.495,9.447,NORMAL,
COMP-00428,LOT-043,9.14,9.093,9.124,9.127,NORMAL,
COMP-00429,LOT-043,9.44,9.429,9.439,9.575,NORMAL,
COMP-00430,LOT-043,9.776,12.54,14.864,20.579,ANOMALY,Early Life Failure
COMP-00431,LOT-044,9.189,9.472,12.46,19.29,ANOMALY,Random Failure
COMP-00432,LOT-044,9.855,9.904,9.878,9.948,NORMAL,
COMP-00433,LOT-044,9.265,12.086,15.569,20.8,ANOMALY,Early Life Failure
COMP-00434,LOT-044,9.841,9.829,9.883,9.85,NORMAL,
COMP-00435,LOT-044,9.156,12.993,15.489,20.181,ANOMALY,Infant Mortality
COMP-00436,LOT-044,9.308,11.574,16.409,19.522,ANOMALY,Early Life Failure
COMP-00437,LOT-044,9.672,9.64,9.754,9.674,NORMAL,
COMP-00438,LOT-044,9.533,9.613,9.555,9.531,NORMAL,
COMP-00439,LOT-044,9.607,13.236,15.154,19.077,ANOMALY,Early Life Failure
COMP-00440,LOT-044,9.717,12.183,15.502,21.657,ANOMALY,Early Life Failure
COMP-00441,LOT-045,9.277,9.353,9.233,9.238,NORMAL,
COMP-00442,LOT-045,9.844,9.954,9.917,9.966,NORMAL,
COMP-00443,LOT-045,9.362,9.386,9.348,9.37,NORMAL,
COMP-00444,LOT-045,9.662,9.691,9.705,9.772,NORMAL,
COMP-00445,LOT-045,9.528,9.578,9.632,9.685,NORMAL,
COMP-00446,LOT-045,9.162,9.201,9.279,9.118,NORMAL,
COMP-00447,LOT-045,9.051,8.99,9.064,9.067,NORMAL,
COMP-00448,LOT-045,9.156,9.149,9.156,9.135,NORMAL,
COMP-00449,LOT-045,9.466,9.526,9.591,9.643,NORMAL,
COMP-00450,LOT-045,9.846,9.83,9.967,9.853,NORMAL,
COMP-00451,LOT-046,9.424,12.327,15.334,20.882,ANOMALY,Infant Mortality
COMP-00452,LOT-046,9.665,12.569,16.006,19.709,ANOMALY,Wear-out
COMP-00453,LOT-046,9.653,9.9,14.912,21.26,ANOMALY,Random Failure
COMP-00454,LOT-046,9.077,12.994,16.222,21.909,ANOMALY,Early Life Failure
COMP-00455,LOT-046,9.276,9.249,9.392,9.27,NORMAL,
COMP-00456,LOT-046,9.432,9.433,9.568,9.467,NORMAL,
COMP-00457,LOT-046,9.054,9.245,14.12,19.357,ANOMALY,Random Failure
COMP-00458,LOT-046,9.071,8.993,9.038,9.037,NORMAL,
COMP-00459,LOT-046,9.566,9.52,9.702,9.731,NORMAL,
COMP-00460,LOT-046,9.295,9.635,12.097,20.641,ANOMALY,Random Failure
COMP-00461,LOT-047,9.243,9.243,9.343,9.309,NORMAL,
COMP-00462,LOT-047,9.934,10.261,12.747,21.114,ANOMALY,Random Failure
COMP-00463,LOT-047,9.278,9.481,12.936,20.07,ANOMALY,Random Failure
COMP-00464,LOT-047,9.075,9.017,9.079,9.087,NORMAL,
COMP-00465,LOT-047,9.515,9.592,9.639,9.557,NORMAL,
COMP-00466,LOT-047,9.611,9.568,9.649,9.618,NORMAL,
COMP-00467,LOT-047,9.653,9.688,9.607,9.808,NORMAL,
COMP-00468,LOT-047,9.493,11.982,14.711,21.584,ANOMALY,Wear-out
COMP-00469,LOT-047,9.632,9.58,9.636,9.807,NORMAL,
COMP-00470,LOT-047,9.457,9.462,9.535,9.521,NORMAL,
COMP-00471,LOT-048,9.665,9.667,9.776,9.791,NORMAL,
COMP-00472,LOT-048,9.376,9.308,9.377,9.449,NORMAL,
COMP-00473,LOT-048,9.56,9.539,9.673,9.536,NORMAL,
COMP-00474,LOT-048,9.139,9.066,9.238,9.254,NORMAL,
COMP-00475,LOT-048,9.867,9.882,9.951,9.869,NORMAL,
COMP-00476,LOT-048,9.414,12.868,16.712,21.521,ANOMALY,Early Life Failure
COMP-00477,LOT-048,9.271,9.314,9.296,9.327,NORMAL,
COMP-00478,LOT-048,9.66,9.658,9.656,9.722,NORMAL,
COMP-00479,LOT-048,9.816,9.862,9.94,9.976,NORMAL,
COMP-00480,LOT-048,9.165,9.236,9.249,9.246,NORMAL,
COMP-00481,LOT-049,9.632,9.706,9.752,9.801,NORMAL,
COMP-00482,LOT-049,9.628,9.663,9.703,9.597,NORMAL,
COMP-00483,LOT-049,9.606,9.687,9.617,9.708,NORMAL,
COMP-00484,LOT-049,9.2,9.263,9.223,9.227,NORMAL,
COMP-00485,LOT-049,9.694,9.69,9.689,9.673,NORMAL,
COMP-00486,LOT-049,9.759,9.733,9.865,9.859,NORMAL,
COMP-00487,LOT-049,9.068,9.004,9.105,9.19,NORMAL,
COMP-00488,LOT-049,9.215,9.24,9.344,9.379,NORMAL,
COMP-00489,LOT-049,9.792,9.748,9.883,9.822,NORMAL,
COMP-00490,LOT-049,9.893,9.947,9.877,9.976,NORMAL,
COMP-00491,LOT-050,9.284,9.366,9.368,9.255,NORMAL,
COMP-00492,LOT-050,9.32,9.291,9.417,9.376,NORMAL,
COMP-00493,LOT-050,9.227,11.551,15.255,21.967,ANOMALY,Early Life Failure
COMP-00494,LOT-050,9.781,9.75,9.782,9.828,NORMAL,
COMP-00495,LOT-050,9.329,9.604,14.852,20.638,ANOMALY,Random Failure
COMP-00496,LOT-050,9.088,9.009,9.043,9.247,NORMAL,
COMP-00497,LOT-050,9.873,9.977,9.952,9.991,NORMAL,
COMP-00498,LOT-050,9.59,9.602,9.663,9.769,NORMAL,
COMP-00499,LOT-050,9.464,9.452,9.532,9.455,NORMAL,
COMP-00500,LOT-050,9.337,9.304,9.401,9.492,NORMAL,
